Eta,Reddito_Annuale,Acquisti_Precedenti,stato_civile_del_cliente,Acquisto
56,36524,10,sposato,1
69,20006,3,sposato,0
46,58341,3,single,0
32,33159,9,sposato,1
60,24116,4,divorziato,0
25,25191,8,single,0
38,29202,2,sposato,0
56,28162,16,sposato,1
36,9900,2,sposato,0
40,50164,15,sposato,1
28,34814,3,sposato,0
28,34671,17,sposato,0
41,44814,16,sposato,1
53,22344,6,divorziato,0
57,25900,4,sposato,0
41,40488,11,divorziato,1
20,34227,16,sposato,0
39,39138,12,sposato,1
19,34038,2,sposato,0
41,32103,8,single,0
61,52202,16,sposato,1
47,47789,16,sposato,1
55,5014,19,sposato,1
19,52763,15,divorziato,1
38,60904,12,single,1
50,49781,18,sposato,1
29,32428,16,sposato,0
39,26729,3,sposato,0
61,43733,11,sposato,1
42,27571,8,sposato,1
66,39273,18,sposato,1
44,34737,11,single,0
59,49616,8,single,1
45,30326,6,sposato,1
33,29686,13,single,0
32,39538,19,single,0
64,58206,18,sposato,1
68,35971,14,single,0
61,30002,15,sposato,1
69,45290,4,sposato,1
20,43617,2,sposato,0
54,23582,11,sposato,1
68,28566,19,sposato,1
24,48158,3,single,0
38,40136,15,sposato,1
26,5363,6,sposato,0
56,40783,12,sposato,1
35,46117,9,sposato,1
21,24949,6,divorziato,0
42,43126,13,sposato,1
31,57467,4,single,0
67,39756,2,sposato,0
26,27492,10,single,0
43,28730,10,single,0
19,35156,17,single,0
37,39533,14,sposato,1
45,35753,11,sposato,1
64,41019,8,single,1
24,33236,9,sposato,0
61,37167,11,single,0
25,46577,16,single,1
64,22222,5,single,0
52,36304,6,single,0
31,36269,13,sposato,1
34,46048,12,sposato,1
53,32279,7,sposato,1
67,42836,9,single,1
57,48232,8,single,1
21,12802,17,single,0
19,49023,1,sposato,0
23,23175,4,single,0
59,21872,4,sposato,0
21,446,5,divorziato,0
46,25361,18,sposato,1
35,34941,7,divorziato,0
43,30400,15,single,0
61,29449,12,sposato,1
51,21650,0,sposato,0
27,45406,19,sposato,1
53,46500,16,single,1
31,40017,6,single,1
48,12361,12,single,0
65,62280,3,sposato,1
32,36763,3,sposato,0
25,41475,5,sposato,0
31,17020,18,single,0
40,34862,11,sposato,1
57,39960,6,single,0
38,33309,9,single,0
33,45465,18,single,1
62,50604,6,sposato,1
35,18877,2,single,0
64,45201,12,sposato,1
41,39732,12,sposato,1
43,34943,17,single,0
42,16150,19,sposato,1
62,52758,7,single,1
58,39761,8,single,0
46,13600,6,sposato,1
32,32082,0,single,0
62,38926,2,sposato,0
18,41078,12,sposato,1
42,33468,16,sposato,1
24,39099,0,sposato,0
26,60426,5,sposato,0
41,53558,5,sposato,1
18,23605,11,sposato,0
61,27837,12,single,0
25,33665,12,single,0
41,14011,14,sposato,1
28,18903,15,sposato,0
68,15539,10,single,0
34,21227,4,sposato,0
25,51675,3,single,0
52,24737,2,divorziato,0
52,22675,18,single,0
50,45594,19,single,1
22,29608,17,single,0
59,40023,14,sposato,1
56,26261,8,sposato,1
58,13377,16,single,0
45,40612,13,sposato,1
24,16382,14,single,0
26,28874,0,sposato,0
25,26204,2,single,0
29,37344,15,single,0
51,28328,10,sposato,1
50,33467,11,divorziato,0
65,16273,9,sposato,1
40,59004,15,sposato,1
41,20598,7,divorziato,0
54,49416,5,single,0
52,36798,11,divorziato,0
61,36690,7,sposato,1
57,39253,3,sposato,0
39,12436,7,sposato,1
44,46596,17,sposato,1
52,28868,4,sposato,0
18,49524,8,sposato,1
52,33185,3,sposato,0
54,30505,16,single,0
64,19505,8,divorziato,0
31,25813,0,sposato,0
20,40067,19,single,1
18,19305,12,sposato,0
22,11112,15,sposato,0
43,24709,12,sposato,1
31,45080,13,sposato,1
56,56375,2,single,0
44,26871,5,sposato,0
26,16414,17,divorziato,0
32,30882,18,single,0
32,37206,4,sposato,0
43,41934,14,single,1
59,60615,1,sposato,1
30,37722,9,sposato,0
68,54865,17,sposato,1
49,29444,12,single,0
56,36038,4,sposato,0
66,27885,0,single,0
69,26839,0,single,0
49,31839,17,single,0
21,31632,14,single,0
47,27752,16,sposato,1
54,28408,10,sposato,1
40,48161,16,sposato,1
56,60357,12,single,1
62,29019,0,sposato,0
32,31107,1,sposato,0
60,41295,8,sposato,1
46,73244,2,divorziato,0
53,36009,0,divorziato,0
30,46671,15,single,1
49,53533,5,single,0
24,39128,16,divorziato,0
68,46114,4,sposato,1
39,42294,4,single,0
45,47390,5,sposato,1
19,22587,2,sposato,0
59,37451,4,sposato,0
62,40774,4,sposato,1
23,40604,9,sposato,1
45,48644,9,single,1
45,40362,18,single,1
61,21260,16,sposato,1
61,42095,13,divorziato,1
37,24403,8,single,0
47,26607,13,sposato,1
28,29977,0,sposato,0
45,33662,18,sposato,1
42,16475,12,sposato,1
56,48402,12,sposato,1
50,21133,3,sposato,0
18,53841,0,sposato,0
44,21500,16,sposato,1
69,50383,7,sposato,1
30,34658,1,single,0
58,14402,7,single,0
20,22484,6,sposato,0
56,50917,1,single,0
